type,breed_name,description,personality,care,source_url
cat,อะบิสซิเนียน,อะบิสซิเนียเป็นแมวขนาดกลาง รูปร่างสง่า มีลำตัวเพรียวและขาเรียวยาวแข็งแรง หัวทรงกลม ปลายจมูกเรียวแหลม มีกระจุกขนโดดเด่นบริเวณปลายหู ดวงตากลมหางตาชี้ เนื่องจากแมวพันธุ์นี้ขนสั้นและเรียงชิดติดกัน จึงมีลวดลายเฉียบคมเป็นเอกลักษณ์ซึ่งเกิดจากแถบสีของเส้นขน สีที่พบได้บ่อยคือสีส้ม แต่ก็มีสีอื่นๆ ด้วย The need-to-know แมวอะบิสซีเนียนมีนิสัยรักสงบ ฉลาดและขี้สงสัย ว่ากันว่าเป็นแมวที่ชอบคนและติดฝูง ชอบทำกิจกรรมอยู่ในที่กว้าง เป็นนักปีนป่ายชั้นเลิศ และชอบสวนที่มีต้นไม้ให้ปีนเล่น แต่ถึงแมวพันธ์ุนี้จะขี้เล...,รอระบุโครงสร้าง (อ่านจาก Paragraph),รอระบุโครงสร้าง (อ่านจาก Paragraph),https://www.purina.co.th/find-a-pet/cat/breed-library/abyssinian
cat,บริติช ช็อตแฮร์ (British Shorthair),ทำความรู้จักบริติช ช็อตแฮร์ (British Shorthair)ว่ากันว่า British shorthair เป็นหนึ่งในสายพันธุ์แมวที่เก่าแก่ที่สุดของประเทศอังกฤษ ด้วยลักษณะเด่นที่มีขนหนานุ่มน่ากอด กับนิสัยเท่ๆ ถึงจะอยู่แบบเงียบๆ แต่ก็เข้ากับทุกคนได้ง่าย แถมยังเป็นมิตรอีกต่างหาก ถ้าใครกำลังมองหาเพื่อนแท้ซักตัวที่จะอยู่เคียงข้างแบบไม่กวนใจ มองมาทางนี้เลย น้องแมวบริติช ช็อตแฮร์ (British Shorthair) รอที่จะครองใจคุณอยู่ The need-to-know น้องแมวบริติช ช็อตแฮร์ นั้นน่ารัก เรียบร้อย และเข้ากับคนอื่นง่าย ทำให้น้องกลายเป็นแมวเลี้ยง...,รอระบุโครงสร้าง (อ่านจาก Paragraph),รอระบุโครงสร้าง (อ่านจาก Paragraph),https://www.purina.co.th/find-a-pet/cat/breed-library/british-shorthair
cat,เอ็กซ์โซติก ช็อตแฮร์,เอ็กซ์โซติก ช็อตแฮร์ มีขนาดตัวปานกลาง รูปร่างป้อม ลักษณะหัวจะออกกลมและกว้าง หูมีขนาดเล็ก ตั้งห่างกัน ส่วนหน้าจะกลมแป้น ตาค่อนข้างกลมโตและมีสีโดดเด่นสะดุดตา ขาของแมวพันธุ์นี้สั้น ล่ำและแข็งแรง อุ้งเท้ามีลักษณะกลมและมีขนแทรกเพื่อกระจายน้ำหนักฝ่าเท้า หางสั้นและมีขนเป็นพวง ขนสั้น หนานุ่มและเงางาม มีขนชั้นในที่นุ่ม กระจุกแน่น แมวพันธุ์เอ็กซ์โซติก ช็อตแฮร์มีสีและลายขนเหมือนกับแมวเปอร์เซีย และก็มีแบบลายจุดด้วย The need-to-know เอ็กซ์โซติก ช็อตแฮร์ มีพื้นฐานนิสัยที่อ่อนโยนคล้ายกับพี่แมวขนยาวพันธุ์อ...,รอระบุโครงสร้าง (อ่านจาก Paragraph),รอระบุโครงสร้าง (อ่านจาก Paragraph),https://www.purina.co.th/find-a-pet/cat/breed-library/exotic-shorthair
cat,แมวขาวมณี,แมวขาวมณีมีรูปร่างเพรียว มีกล้ามเนื้อที่ปกคลุมด้วยขนสั้นแน่นนุ่มสีขาว มีใบหูขนาดกลางถึงใหญ่ ส่วนจมูกจะเชิดเล็กน้อย จุดเด่นที่เป็นเอกลักษณ์ของสายพันธุ์นี้อยู่ที่ตา แมวขาวมณีมีตาได้หลายสี ไม่ว่าจะเป็นสีฟ้าหรือเหลืองอำพัน เหลือง หรือเขียว โดยข้างหนึ่งอาจเป็นสีฟ้า ส่วนอีกข้างอาจเป็นสีอื่นก็ได้ ในประเทศไทยนั้น แมวขาวมณีที่มีตาสองสีถือว่าเป็นสิ่งนำโชค ดังนั้นบางครั้งจึงเรียกแมวพันธุ์นี้ว่า “แมวนำโชค” บางครั้งแมวขาวมณีอาจเกิดมามีรอยเหมือนปานบนหัวแต่ปานนี้จะหายไปเมื่ออายุประมาณ 1 ปี ซึ่งถือเป็นเรื่องปก...,รอระบุโครงสร้าง (อ่านจาก Paragraph),รอระบุโครงสร้าง (อ่านจาก Paragraph),https://www.purina.co.th/find-a-pet/cat/breed-library/khao-manee
cat,แมวสีสวาด,แมวสีสวาดหรือแมวโคราช เป็นแมวขนสั้น เป็นมัน เส้นละเอียดและเรียงชิดติดกับผิวหนัง เป็นแมวที่มีสีเดียวคือสีสวาด ซึ่งมีลักษณะเทาอมเขียว แต่หากเป็นสายตาฝรั่งอาจมองว่าเป็นสีเงินอมฟ้า จมูก ริมฝีปากและอุ้งเท้าของแมวสีสวาดมีสีน้ำเงินอมเทาหรือสีม่วง ้แมวสายพันธุ์นี้อาจหน้าตาดูคล้ายเพื่อนสายพันธุ์รัสเซียบลู (Russian Blue) แต่แมวสีสวาดหรือแมวโคราชมีขนชั้นเดียวและรูปร่างกลมมากกว่าเพื่อนจากรัสเซีย โดยตาจะมีสีเขียวอ่อนมากกว่าสีฟ้าเข้ม ส่วนหัวจะเป็นทรงหัวใจและมีใบหูใหญ่ ตาโต ดูตื่นตัว ส่วนลำตัวก็แข็งแรง มีกล้า...,รอระบุโครงสร้าง (อ่านจาก Paragraph),รอระบุโครงสร้าง (อ่านจาก Paragraph),https://www.purina.co.th/find-a-pet/cat/breed-library/korat
cat,แมวเมนคูน,แมวเมนคูนเป็นสายพันธุ์แมวขนาดใหญ่ที่สุดในโลก รูปร่างแข็งแรงกำยาและขาแข็งแรง หัวทรงเหลี่ยม ใบหูใหญ่และตั้งตรง ขนด้านนอกมีลักษณะยาวหนาเป็นมันและกันน้ำได้ดี มีขนชั้นในซ่อนอยู่ข้างใต้ ส่วนขนที่หัว คอและไหล่จะสั้นกว่าจุดอื่นแต่จะค่อย ๆ ยาวขึ้นเรื่อย ๆ บริเวณส่วนหลัง ข้างลำตัวและหาง ส่วนท้องกับสะโพกมีขนดกและหนา ที่โคนหูจะมีขนยาวเป็นพู่งามสง่า โดยแมวเมนคูนเพศผู้จะมีขนส่วนนี้หนากว่าเพศเมีย ส่วนขนที่หางจะยาวนุ่มสลวย บริเวณปลายหูจะมีขนยาวแซมออกมา เช่นเดียวกับบริเวณอุ้งเท้า มองผ่าน ๆ เหมือนใส่รองเท้าขนฟูห...,รอระบุโครงสร้าง (อ่านจาก Paragraph),รอระบุโครงสร้าง (อ่านจาก Paragraph),https://www.purina.co.th/find-a-pet/cat/breed-library/maine-coon
cat,แมวมันช์กิ้น,แมวมันช์กิ้น เป็นแมวสายพันธุ์ขนาดกลาง ขาสั้นกุดและลำตัวยาว มีคนเปรียบเปรยไว้ว่า แมวสายพันธุ์นี้เคลื่อนที่เหมือนตัวเฟร์ริต เพราะฉะนั้นอย่าคาดหวังว่าจะได้เห็นแมวมันช์กิ้นเดินกรีดกรายเหมือนแมวขายาว ๆ นอกจากนี้แมวมันช์กิ้นยังมีลำตัวหนาและอกตันอีกด้วย มีทั้งแบบขนสั้นและขนยาว มีขนนุ่มลื่นเป็นประกายเหมือนกำมะหยี่ ถ้าเป็นพันธุ์ขนยาว ขนหางจะเป็นฟูฟ่องเป็นพวง แมวสายพันธุ์นี้มีหลายสี หลายลาย และตากลมโตเหมือนลูกวอลนัท The need-to-know แมวมันช์กิ้นมีนิสัยอ่อนโยนแต่กล้าแสดงออก แม้จะโตแล้ว ก็ยังมีความอยาก...,รอระบุโครงสร้าง (อ่านจาก Paragraph),รอระบุโครงสร้าง (อ่านจาก Paragraph),https://www.purina.co.th/find-a-pet/cat/breed-library/munchkin
cat,แมวนอร์วีเจียน ฟอเรสต์,แมวนอร์วีเจียน ฟอเรสต์เป็นแมวขนาดกลางที่ถือว่าใหญ่กว่าเพื่อนในรุ่นเดียวกัน แมวพันธุ์นี้มีลักษณะสง่างามและขนค่อนข้างยาว (ขนจะสั้นขึ้นเล็กน้อยในฤดูร้อน) ลำตัวยาว มีกล้ามเนื้อและโครงกระดูกแข็งแรง ขายาวและหางเป็นพวง ส่วนหัวของแมวนอร์วีเจียน ฟอเรสต์มีลักษณะยาวทรงสามเหลี่ยม ขากรรไกรตรง หูตั้ง มีขนยาวออกมาเป็นพู่ ขนด้านนอกเป็นเงาลื่น ทำหน้าที่กันน้ำให้ขนชั้นในที่ซ่อนอยู่ แมวสายพันธุ์นี้มีแผงคอ ขนที่อก และขาหรือแม้กระทั่งซอกนิ้ว แถมมีให้เลือกหลากหลายสี ยกเว้นสีน้ำตาลช็อคโกแลต ม่วงหรือไล่สีแบบแมววิเชียร...,รอระบุโครงสร้าง (อ่านจาก Paragraph),รอระบุโครงสร้าง (อ่านจาก Paragraph),https://www.purina.co.th/find-a-pet/cat/breed-library/norwegian-forest
cat,อ็อกซี่แคท,แมวพันธุ์นี้มีขนาดกลางถึงใหญ่ และมีลายจุดเฉพาะตัวของสายพันธุ์ ส่วนอกจะยุบแต่กว้าง มีขาแข็งแรงและกล้ามเนื้อเป็นทรวดทรงงดงาม ส่วนหัวเป็นทรงสามเหลี่ยมกลับหัวแต่ก็มีขากรรไกร “เหลี่ยม” ด้วย ใบหูมีลักษณะใหญ่ กว้างและมีกระจุกขน หลายคนจึงนึกว่าแมวพันธุ์นี้มีนิสัย “ดุร้าย” อ็อกซี่แคทมีขนสั้นและละเอียดเหมือนผ้าซาติน ส่วนลวดลายจุดที่เป็นเอกลักษณ์ของสายพันธุ์นี้จะกระจายเป็นระเบียบไปทั่วลำตัวด้านข้าง หัวไหล่และสะโพก ต่อเนื่องไปจนถึงขาและส่วนท้อง ส่วนหน้าผากจะมีลายตัวอักษรเอ็ม (M) ที่เป็นเอกลักษณ์ชัดเจน ส่วน...,รอระบุโครงสร้าง (อ่านจาก Paragraph),รอระบุโครงสร้าง (อ่านจาก Paragraph),https://www.purina.co.th/find-a-pet/cat/breed-library/ocicat
cat,แมวเปอร์เซีย (Persian cat),ทำความรู้จักแมวเปอร์เซีย (Persian Cat)แมวเปอร์เซีย หรือ Persian Cat คือหนึ่งในสายพันธุ์น้องแมวขนสวยยาวเงางาม และจัดเป็นหนึ่งในสิบสายพันธุ์แมว ที่ได้รับความนิยมนำมาเลี้ยงมากที่สุดบนโลกสายพันธุ์หนึ่ง ด้วยขนที่สวย บวกกับความน่ารัก ความจงรักภักดีต่อเจ้าของ รักความสงบ ไม่ส่งเสียงดังเอะอะ และความฉลาดแสนรู้ของแมวเปอร์เซีย ทำให้น้องแมวสายพันธุ์นี้มัดใจให้หลายคนตกหลุมรักกันแบบถอนตัวไม่ขึ้น มาทำความรู้จักน้องแมวเปอร์เซีย กันให้มากอีกนิด แล้วคุณจะหลงรักน้องแมวเปอร์เซียยิ่งขึ้นไปอีกลักษณะเด่นของแมวเปอร์เซี...,รอระบุโครงสร้าง (อ่านจาก Paragraph),รอระบุโครงสร้าง (อ่านจาก Paragraph),https://www.purina.co.th/find-a-pet/cat/breed-library/persian-long-hair
cat,แร็กดอล,แร็กดอลเป็นแมวสายพันธุ์ใหญ่ มีพละกำลังและลวดลายที่เป็นเอกลักษณ์ แม้จะดูเป็นแมวขึงขัง จริงจัง แต่จริง ๆ แล้วเป็นแมวสบาย ๆ รักสงบสมชื่อ “แร็กดอล” ที่แปลว่า “ตุ๊กตาผ้า” ส่วนหัวของแมวพันธุ์แร็กดอลค่อนข้างกว้าง ด้านบนแบน และหูทั้งสองข้างตั้งห่างกัน ตาลึกกลมโตสีฟ้า ลำตัวของแมวพันธุ์นี้ยาว มีกล้ามอกกว้าง คอสั้นและขาตรงแข็งแรง อุ้งมือค่อนข้างกลมและใหญ่ มีขนแซมตามซอกนิ้ว ส่วนหางยาวเป็นพวง ขนของแมวพันธุ์แร็กดอลหนาละเอียดเหมือนเส้นไหม มีทั้งแบบขนยาวกลาง ๆ ไปจนถึงยาวมาก แต่สำหรับเหมียวที่โตเต็มไวแผงอกและรอ...,รอระบุโครงสร้าง (อ่านจาก Paragraph),รอระบุโครงสร้าง (อ่านจาก Paragraph),https://www.purina.co.th/find-a-pet/cat/breed-library/ragdoll
cat,รัสเซียนบลู,รัสเซียนบลูเป็นแมวขนาดกลางถึงใหญ่ มีรูปร่างเพรียวบาง งามสง่า และขาเรียวยาว มองผ่าน ๆ เหมือนเดินเขย่งปลายเท้าตลอดเวลา ส่วนหัวเป็นทรงสามเหลี่ยมกลับหัว พร้อมด้วยแผงหนวดที่โดดเด่นและใบหูขนาดใหญ่ ดวงตาของรัสเซียนบลูกลมโตคล้ายเมล็ดอัลมอนด์ ตั้งห่างกันและมีสีเขียวสดใส ขนของแมวพันธุ์นี้มีสองชั้น ขึ้นเรียงกันแน่นและสั้น ให้สัมผัสนุ่มละเอียด หากสัมผัสขนของรัสเซียนบลูแล้วจะรู้ว่าต่างจากสายพันธุ์อื่น และใช้เป็นเครื่องบ่งชี้สายพันธุ์นี้ได้อย่างแท้จริง แม้จะชื่อ “รัสเซียนบลู” แต่บางครั้งเราจะพบเห็นแมว “รัสเซ...,รอระบุโครงสร้าง (อ่านจาก Paragraph),รอระบุโครงสร้าง (อ่านจาก Paragraph),https://www.purina.co.th/find-a-pet/cat/breed-library/russian-blue
cat,สก๊อตทิช โฟลด์ (Scottish fold),ทำความรู้จัก สก๊อตทิช โฟล์ด [Scottish fold]อีกหนึ่งสายพันธุ์น้องแมวที่เป็นที่รู้จักมากไม่แพ้สายพันธุ์ไหนก็คือ สายพันธุ์สก๊อตทิช โฟลด์ [Scottish fold] ที่มีหูพับอันเป็นเอกลักษณ์แสนเก๋ที่ไม่เหมือนใคร หน้ากลมแป้น ขนอุยนุ่มน่ากอด ทำให้น้องแมวพันธุ์สก๊อตทิช โฟลด์ น้องแมวผู้มาจากสก๊อตแลนด์ ยึดพื้นที่หัวใจเจ้าของหลายๆ คนไปแล้วแมวสายพันธุ์นี้มีอายุเฉลี่ยอยู่ที่ 11 – 14 ปี ความสูงอยู่ที่ 10 – 12 นิ้ว ด้วยหูที่พบลงมา ทำให้ใบหน้าของสก๊อตทิช โฟลด์ ดูกลม จนหลายคนให้คำอธิบายแมวสายพันธุ์นี้ไว้อย่างเห็นภาพว่าเ...,รอระบุโครงสร้าง (อ่านจาก Paragraph),รอระบุโครงสร้าง (อ่านจาก Paragraph),https://www.purina.co.th/find-a-pet/cat/breed-library/scottish-fold
cat,แมววิเชียรมาศ (Siamese cat),ทำความรู้จักแมววิเชียรมาศ (Siamese cat)เชื่อว่าเหล่าบรรดาทาสแมวทั้งหลายคงไม่มีใครไม่รู้จักน้องแมวพันธุ์วิเชียรมาศ หรือ แมวสยาม (Siamese cat) ที่เป็นดั่งตัวแทนสายพันธุ์แมวแห่งประเทศไทย ที่นอกจากจะมีเอกลักษณ์จากลวดลายและสีขนบนตัวอันงดงามแล้ว ยังมีลักษณะนิสัยที่เป็นมิตร ขี้อ้อน จนสามารถคว้าใจเหล่าบรรดาทาสแมวมาแล้วทั่วโลก อีกทั้งยังช่วยเสริมโชคลาภ และเป็นสิริมงคลแก่ครอบครัวตามความเชื่อของคนไทยในสมัยโบราณอีกด้วย หากใครกำลังสนใจอยากได้น้องแมวสักตัวไปเลี้ยงเป็นเพื่อนแล้วล่ะก็ น้องแมววิเชียรมาศนับว่าเป...,รอระบุโครงสร้าง (อ่านจาก Paragraph),รอระบุโครงสร้าง (อ่านจาก Paragraph),https://www.purina.co.th/find-a-pet/cat/breed-library/siamese
cat,สฟิงซ์,จุดเด่นของแมวสฟิงซ์คือเป็นแมว “ไร้ขน” แม้ดูภายนอกจะเหมือนแมวไร้ขน แต่อันที่จริงแล้วสฟิงซ์มีขนนุ่มละเอียดปกคลุมทั่วรางกาย ให้สัมผัสเหมือนเปลือกลูกพีช แมวพันธุ์นี้ไม่มีหนวดและขนตา หัวมีรูปทรงคล้ายกับหัวของแมวเดวอน เร็กซ์ ดวงตาลึกกลมคล้ายเลมอน รูปร่างของสฟิงซ์บอบบางแต่มีกล้ามเนื้อ อกหนากลม ขาเรียวยาวและดูโก่งจากอกทรงกลม หางยาวเรียวและสากเมื่อสัมผัส แมวสฟิงซ์ตัวอุ่นนุ่มเมื่อสัมผัสจนได้รับฉายาว่าเป็น “กระเป๋าน้ำร้อนเดินได้” ผิวหนังบางส่วนบนหัว ข้างลำตัว และขามีรอยย่น แต่บริเวณอื่น ๆ จะตึงเรียบ นอกจา...,รอระบุโครงสร้าง (อ่านจาก Paragraph),รอระบุโครงสร้าง (อ่านจาก Paragraph),https://www.purina.co.th/find-a-pet/cat/breed-library/sphynx
cat,อเมริกันช็อตแฮร์ (American Shorthair),ทำความรู้จักน้องแมวอเมริกัน ช็อตแฮร์ (American Shorthair)เชื่อว่าหลายๆ คนไม่ว่าจะอยู่ในวงการทาสแมวหรือไม่ เมื่อพูดถึงสายพันธุ์แมวก็ต้องนึกถึงน้องสายพันธุ์อเมริกัน ช็อตแฮร์ (American Shorthair) เป็นอันดับต้นๆ เรียกได้ว่าถึงไม่รู้จักแต่ก็ต้องเคยเห็นหน้ามาก่อนที่ไหนสักแห่ง แม้ว่าจะมีลายเต็มตัว แต่หัวใจของน้องแมวอเมริกัน ช็อตแฮร์ นั้นอ่อนโยนไม่แพ้ใคร สายครอบครัวที่อยากมีน้องแมวไว้เล่นกับเด็กๆ มาทางนี้ เพราะน้องแมวอเมริกัน ช็อตแฮร์ เป็นเพื่อนเล่นที่น่ารักของเด็ก รวมถึงสมาชิกตัวอื่นๆ ของครอบครัวด้วย ...,รอระบุโครงสร้าง (อ่านจาก Paragraph),รอระบุโครงสร้าง (อ่านจาก Paragraph),https://www.purina.co.th/find-a-pet/cat/breed-library/american-shorthair
cat,ออสเตรเลียน มิสต์,แมวพันธุ์ออสเตรเลียน มิสต์เป็นแมวขนาดกลางที่มีรูปลักษณ์น่าหลงไหล มาพร้อมกับใบหน้ากลมโต ตาคม มีรูปร่างและหุ่นสมส่วน ดูพอดีไปหมด บวกกับลักษณะหน้าตาเป็นมิตร ส่วนขนของแมวพันธุ์นี้จะเป็นขนสั้น แน่น และเงางาม มีลวดลายสีอ่อน ดูนุ่มนวล จนบางทีก็กลมกลืนไปกับพื้นขน เสริมลุคให้แมวพันธุ์นี้สวยเตะตาคนได้ไม่ยาก อีกทั้งสีตาของเจ้าแมวออสเตรเลียน มิสต์ เป็นตาสีเขียว มีได้หลายเฉดขึ้นกับแมวแต่ละตัว The need-to-know แมวพันธุ์ออสเตรเลียน มิสต์เป็นพันธุ์ที่ขึ้นชื่อว่า เต็มไปด้วยความรักและมีความสุขในการอยู่ร่วมกั...,รอระบุโครงสร้าง (อ่านจาก Paragraph),รอระบุโครงสร้าง (อ่านจาก Paragraph),https://www.purina.co.th/find-a-pet/cat/breed-library/australian-mist
cat,รากามัฟฟิน,รากามัฟฟิน ชื่อนี้ได้มาเพราะความก้อนกลมโตน่ารักที่เหมือนกับมัฟฟิ่น โดยลักษณะแล้ว แมวพันธุ์นี้เป็นแมวขนาดใหญ่ ตัวแน่น โครงร่างเป็นทรงคล้ายสี่เหลี่ยมผืนผ้า อกกว้าง มีความทรงพลัง แต่ก็มีใบหน้าน่ารัก ด้วยรูปตาที่เป็นทรงคล้ายลูกวอลนัท ใบหูมีขนปกคลุม ท่าทีดูสง่างาม มาพร้อมกับขนกึ่งยาว (semi-long coat) ที่มีสัมผัสนุ่มฟู เสริมไปด้วยแผงคอยาวสลวย ขนหางฟู ๆ และอุ้งเท้าฟูนุ่ม The need-to-know แมวพันธุ์รากามัฟฟินเป็นแมวที่เต็มไปด้วยความรักเจ้าของและความเป็นมิตร เวลาโดนอุ้ม ก็เรียกได้ว่าพร้อมทิ้งตัวให้โดน...,รอระบุโครงสร้าง (อ่านจาก Paragraph),รอระบุโครงสร้าง (อ่านจาก Paragraph),https://www.purina.co.th/find-a-pet/cat/breed-library/ragamuffin
cat,ชินชิล่า,แมวชินชิล่าเป็นแมวที่มีลักษณะเป็นแมวเปอร์เซียที่มีสีจำเพาะ โดยมีความเหมือนกับแมวเปอร์เซียตรงที่มีขนยาวสลวยและตากลมโต แต่ถึงแม้ว่าจะมีความเป็นเปอร์เซีย แมวชินชิล่าก็ยังมีจุดแตกต่างจากแมวเปอร์เซียตรงที่มีโครงสร้างขนาดปานกลาง มีส่วนจมูกและปากยาวกว่า โดยรวมแล้วจะดูตัวเล็กกว่าแมวเปอร์เซีย อีกทั้งยังมีร่างกายกำยำ ดูแข็งแรง และยังมีอุ้งเท้าโต ๆ ลำตัวแน่น ๆ อีกด้วย The need-to-know ถ้าให้นึกบรรยากาศรอบตัวของแมวพันธุ์นี้ก็คงนึกถึงบรรยากาศที่เงียบและสงบ แมวชินชิล่าเป็นแมวที่ไม่ค่อยจะแอคทีฟสักเท่าไหร่...,รอระบุโครงสร้าง (อ่านจาก Paragraph),รอระบุโครงสร้าง (อ่านจาก Paragraph),https://www.purina.co.th/find-a-pet/cat/breed-library/chinchilla
cat,เบอร์มิลลา,แมวเบอร์มิลลาเป็นแมวขนาดกลางขนสั้นที่มีร่างกายกำยำแข็งแรง โดยแมวเพศผู้จะดูกำยำอย่างเห็นได้ชัด ในขณะที่แมวเพศเมียจะดูสง่างามและสะโอดสะองกว่า เจ้าแมวเบอร์มิลลามีรูปทรงหัวที่ค่อนข้างกลม ใบหน้าเรียว ใบหูกว้าง ตาโตเป็นรูปทรงอัลมอนด์หลากหลายสีได้ตั้งแต่สีทองไปจนถึงสีเขียว ถ้าจะพูดถึงลักษณะขนของแมวพันธุ์นี้ จะเป็นขนสั้นเรียงตัวแน่นโดยที่ขนชั้น undercoat มีสีอ่อน ปลายขนสีเข้ม ทำให้สีขนดูเงางามคล้ายสีเงิน ซึ่งเสริมความโดดเด่นให้กับสีขนเข้มบริเวณรอบดวงตาและลวดลายคล้ายตัว M บริเวณหน้าผาก ทั้งนี้ลักษณะลวดล...,รอระบุโครงสร้าง (อ่านจาก Paragraph),รอระบุโครงสร้าง (อ่านจาก Paragraph),https://www.purina.co.th/find-a-pet/cat/breed-library/burmilla
cat,เบอร์แมน,“แมวเบอร์แมน” หนึ่งในสมาชิกของกลุ่มแมวแต้มสี ผู้มาพร้อมกับจุดสีบนร่างกายอันงดงาม ขนของพวกเขามักมีสีขาวครีมดูปราดเปรียว พร้อมจุดสีน้ำตาลเข้มหรือดำ โดยเฉพาะบริเวณใบหน้า ใบหู ขา และหาง พวกเขามีขนยาวระดับปานกลางอันนุ่มลื่น ดูมีระดับ มาพร้อมกับดวงตาสีน้ำเงินเข้มอันสดใสนอกจากนี้ยังมีเอกลักษณ์บริเวณอุ้งเท้า (ที่มองยังไงก็เหมือนกำลังสวมถุงเท้าสีขาว ดูน่ารักน่าชังมากเลยทีเดียว) ภายใต้ขนอันหนานุ่มซ่อนไว้ซึ่งกล้ามเนื้ออันงดงาม โดยเบอร์แมนจัดอยู่ในกลุ่มแมวขนาดปานกลาง มีใบหน้ากลมมนแลดูน่ารัก เหมาะสำหรับเหล่...,รอระบุโครงสร้าง (อ่านจาก Paragraph),รอระบุโครงสร้าง (อ่านจาก Paragraph),https://www.purina.co.th/find-a-pet/cat/breed-library/birman
cat,เบงกอล,แมวเบงกอล ผู้มาพร้อมขนเงาสลวย ร่างกายกำยำ จนบางมุมก็ดูเหมือนแมวป่า ที่ถูกเสริมลุคด้วยลวดลายคล้ายลายหินอ่อนปะปนไปกับลายจุด ลักษณะขนเป็นแผงขนหนา เงางาม ทำให้มีภาพลักษณ์ที่ดูน่าหลงใหล แต่ถ้าว่าด้วยเรื่องรูปร่าง แท้จริงแล้วแมวพันธุ์นี้ก็มีโครงร่างคล้ายกับแมวทั่วไป ที่มีรูปร่างปราดเปรียว ใบหูเล็ก ใบหน้าเรียว และอุ้งเท้าเรียบร้อยน่ารัก The need-to-know แมวเบงกอลสามารถเป็นสัตว์เลี้ยงชั้นเลิศได้ เมื่อได้อยู่กับเจ้าของผู้มีประสบการณ์การเลี้ยง แต่คงจะเข้ากันได้ดียิ่งกว่า หากคุณเจ้าของเป็นคนที่ชื่นชอบ...,รอระบุโครงสร้าง (อ่านจาก Paragraph),รอระบุโครงสร้าง (อ่านจาก Paragraph),https://www.purina.co.th/find-a-pet/cat/breed-library/bengal
dog,สุนัขอัฟกัน ฮาวนด์,สุนัขอัฟกัน ฮาวด์ เป็นสุนัขล่าเนื้อที่ดูสง่าผ่าเผย ยืนตระหง่านอย่างงดงามและภาคภูมิใจ โดดเด่นด้วยขนยาวเป็นมันเงา เป็นสุนัขสายพันธุ์ใหญ่ เมื่อโตเต็มวัยอาจสูง 68 ถึง 74 ซม. โดยเพศเมียจะสูงน้อยกว่า อยู่ที่ประมาณ 63 ถึง 69 ซม. ขนมันเงางามมีครบทุกสี ตั้งแต่สีดำไปจนถึงสีเงิน อาจมีเพียงสีเดียวหรือไล่สี พร้อมลวดลายหลากหลาย น้ำหนักเฉลี่ยอยู่ที่ประมาณ 25 กก. โดยมีช่วงน้ำหนักอยู่ที่ประมาณ 20 ถึง 27 กก. ขึ้นอยู่กับเพศและรูปร่างของสุนัข The need-to-know สุนัขสายพันธุ์ใหญ่ต้องการสารอาหารที่สมดุล มีแร่ธาตุ...,รอระบุโครงสร้าง (อ่านจาก Paragraph),รอระบุโครงสร้าง (อ่านจาก Paragraph),https://www.purina.co.th/find-a-pet/dog/breed-library/afghan-hound
dog,สุนัขอลาสกัน มาลามิวท์,สุนัขอลาสกัน มาลามิวท์มีหน้าตาคล้ายหมาป่า เป็นสุนัขสายพันธุ์ใหญ่ รูปร่างสง่างามและมีลักษณะเฉพาะของสายพันธุ์สปิตซ์ คือ หางม้วนโค้งไปถึงหลัง ขนหนา หูตั้ง และโครงหน้าคล้ายสามเหลี่ยมกลับหัว สุนัขอลาสกัน มาลามิวท์ เพศผู้หากโตเต็มวัยจะสูง 64-71 ซม. ส่วนเพศเมียจะสูง 58-66 ซม. และหนักประมาณ 38-56 กก. ขนของสุนัขพันธุ์นีมีหลากสีหลายเฉด ตั้งแต่สีขาวหรือเทาอ่อนไปจนถึงสีดำจากสีทองไปจนถึงสีแดงและสีเงิน พร้อมลายต่าง ๆ The need-to-know ถึงสุนัขอลาสกัน มาลามิวท์จะดูเหมือนหมาป่า แต่มีนิสัยน่าเอ็นดูและเป็นมิต...,รอระบุโครงสร้าง (อ่านจาก Paragraph),รอระบุโครงสร้าง (อ่านจาก Paragraph),https://www.purina.co.th/find-a-pet/dog/breed-library/alaskan-malamute
dog,สุนัขบาเซนจิ,สุนัขบาเซนจิ ถือเป็นสุนัขสายพันธุ์เล็กถึงกลาง โดดเด่นด้วยพวงหางที่ม้วนงอและหน้าผากย่น ขนสั้น เรียบ เป็นมันเงา มีให้เลือกทั้งแบบ 2 สี คือน้ำตาลแดงและสีขาว สีดำและสีขาว สีน้ำตาลไหม้และสีขาว สีลายเสือ (ริ้วสีดำ น้ำตาล แทน ทองสลับกัน) สีลายเสือและสีขาว และสามสี ดูมาตรฐานสายพันธุ์เพื่ออ่านรายละเอียดของสุนัขพันธุ์นี้ทั้งหมด เมื่อโตเต็มวัย สุนัขพันธุ์บาเซนจิเพศผู้มีความสูงประมาณ 43 ซม. โดยวัดจากส่วนที่สูงที่สุดของร่างกาย (จากเท้าถึงจุดที่สูงที่สุดของไหล่) ส่วนเพศเมียมีความสูงประมาณ 40 ซม. เพศผู้ที่โตเ...,รอระบุโครงสร้าง (อ่านจาก Paragraph),รอระบุโครงสร้าง (อ่านจาก Paragraph),https://www.purina.co.th/find-a-pet/dog/breed-library/basenji
dog,บีเกิ้ล (Beagle),ถ้าให้นึกถึงน้องหมาขนสั้น ขนาดลำตัวกะทัดรัด แสนฉลาด ที่พกความร่าเริงสนุกสนานมาด้วยแบบเต็มกระเป๋า มีจมูกที่ดมกลิ่นได้เก่งไม่เป็นรองใคร และมีความน่ารักแบบล้น ๆ จนหลาย ๆ คนเห็นแล้วก็อยากจะเข้าไปกอด แน่นอนว่าสุนัขสายพันธุ์บีเกิ้ล (Beagle) จะเป็นอีกหนึ่งสายพันธุ์ที่ใครก็ต้องนึกถึง แต่ถึงแม้ว่าบีเกิ้ลจะมีขนาดตัวที่กำลังกะทัดรัด และเป็นเพื่อนกับเด็ก ๆ เป็นอย่างดีก็ตาม ต้องขอบอกว่าบีเกิ้ลมีมุมดื้อเล็ก ๆ รั้นหน่อย ๆ กับพลังแสนจะล้นเหลือ เจ้าของบีเกิ้ลจึงต้องหาเทคนิคในการสอน รวมทั้งดูแลบีเกิ้ลให้มีสุขภาพ...,รอระบุโครงสร้าง (อ่านจาก Paragraph),รอระบุโครงสร้าง (อ่านจาก Paragraph),https://www.purina.co.th/find-a-pet/dog/breed-library/beagle
dog,สุนัขบิชอง ฟริเซ่,สุนัขบิชอง ฟรีเซ่ มีความนิ่งและหน้าตาเฉลียวฉลาด รูปร่างเล็กและสีขนเป็นสีเดียวทั้งตัว ตากับจมูกสีดำสนิทตัดกันกับสีขนที่ขาวราวหิมะและหางเป็นพวงเหมือนขนนกที่โค้งและม้วนกลับมาที่หลัง ด้วยขนที่นุ่มลื่นดุจใยไหมนี้ขดเป็นเกลียวทำให้สุนัขบิชอง ฟริเซ่ดูคล้ายปุยนุ่นเดินได้ เมื่อโตเต็มวัยทั้งเพศผู้และเพศเมียจะสูงประมาณ 23-28 ซม. และหนักประมาณ 3-6 กก. The need-to-know สุนัขบิชอง ฟริเซ่ มีนิสัยยิ้มแย้ม แจ่มใส และชอบใช้ชีวิตกับคนเป็นครอบครัว ถึงแม้จะชอบใช้เวลาไปท่องเที่ยวกับครอบครัว แต่ก็สอนให้อยู่บ้านตาม...,รอระบุโครงสร้าง (อ่านจาก Paragraph),รอระบุโครงสร้าง (อ่านจาก Paragraph),https://www.purina.co.th/find-a-pet/dog/breed-library/bichon-frise
dog,บูลด็อก (Bulldog),"บูลด็อก (Bulldog – English Bulldog, British Bulldog) คงยากที่จะเชื่อว่าสุนัขที่มีหน้าตาดูเศร้าและง่วงอยู่ตลอดเวลาอย่างสุนัขบูลด็อกนี้ ในอดีตจะถูกใช้ในการต่อสู้กับวัวกระทิงมาก่อน แต่ด้วยรูปร่างที่ล่ำสัน นิสัยร่าเริง และโครงสร้างใบหน้าแบบสุนัขพันธุ์หน้าสั้น จึงเลี่ยงไม่ได้ที่สุนัขพันธุ์นี้ จะมีปัญหาสุขภาพต่าง ๆ ตามมา ไม่ว่าจะเป็นโรคทางเดินหายใจที่มักเกิดในกลุ่มสุนัขที่มีโครงหน้าสั้น (Brachycephalic breed) โรคผิวหนัง หรือแม้แต่โรคทางกระดูกและข้อ บทความนี้จึงจะพาทุกคนมาทำความรู้จักกับสุนัขบูลด็อกใน...",รอระบุโครงสร้าง (อ่านจาก Paragraph),รอระบุโครงสร้าง (อ่านจาก Paragraph),https://www.purina.co.th/find-a-pet/dog/breed-library/bulldog
dog,สุนัขคาวาเลียร์ คิง ชาลส์ สแปเนียล,สุนัขคาวาเลียร์ คิง ชาลส์ สแปเนียล เป็นสุนัขสายพันธุ์เล็ก ปากสั้นเรียว ส่วนตากลมโตสีน้ำตาล ขนละเอียด มีให้เลือกหลายสี เช่น สีดำกับน้ำตาลไหม้ สีน้ำตาลแดง ขาวแต้มน้ำตาล (ลาย Blenheim) และสามสี (พื้นสีขาวนวลแต้มสีน้ำตาลส้ม) เมื่อโตเต็มวัยจะสูงประมาณ 30-33 ซม. และหนัก 5.5-8 กก. The need-to-know สุนัขพันธุ์นี้ใจดี ไม่เรียกร้อง เหมาะกับการเลี้ยงกับครอบครัวเพราะเป็นมิตรกับทุกคน เป็นเพื่อนที่ดีกับเด็กและคนแก่ที่ยังมีเรี่ยวแรงอยู่ สุนัขพันธุ์นี้ไม่ค่อยเห่าแต่จะชอบเตือนเมื่อมีคนแปลกหน้า และไม่เหมาะกั...,รอระบุโครงสร้าง (อ่านจาก Paragraph),รอระบุโครงสร้าง (อ่านจาก Paragraph),https://www.purina.co.th/find-a-pet/dog/breed-library/cavalier-king-charles-spaniel
dog,ชิวาวา (CHIHUAHUA),รู้จักชิวาวา (CHIHUAHUA) สุนัขตัวจิ๋ว และวิธีดีๆ ในการดูแลสุขภาพทำความรู้จักชิวาวา (Chihuahua)ถ้าให้นึกถึงสายพันธุ์สุนัขที่ได้รับความนิยมอย่างไม่เสื่อมคลาย หลายคนต้องเอ่ยชื่อสายพันธุ์ชิวาวา (Chihuahua) ออกมาแน่นอน เพราะขนาดตัวที่เล็กกะทัดรัด ทำให้ชิวาวาสามารถปรับตัวเข้ากับการเลี้ยงในพื้นที่จำกัดได้ดี บวกกับความฉลาด เรียนรู้ได้เร็ว และติดเจ้าของในแบบที่ไม่ว่าจะพกชิวาวาไปไหนก็ยินดีไปด้วยแบบสุดๆ ไม่แปลกเลยที่ใครต่อใครก็หลงรักสุนัขสายพันธุ์นี้ มาทำความรู้จักชิวาวากันให้มากขึ้น แล้วมาดูสุนัขสายพันธุ...,รอระบุโครงสร้าง (อ่านจาก Paragraph),รอระบุโครงสร้าง (อ่านจาก Paragraph),https://www.purina.co.th/find-a-pet/dog/breed-library/chihuahua
dog,สุนัขเชาเชา (ขนหยาบ),สุนัขพันธุ์เชาเชาเป็นสุนัขตัวสั้น ตัน รูปทรงกำยำบึกบึน หางงอม้วนโค้งมาถึงหลัง กระพุ้งแก้มและลิ้นเป็นสีน้ำเงิน/ดำ ส่วนขนแบ่งออกเป็น 2 ประเภท คือ ขนหยาบและขนเรียบ และมีหลายสีตั้งแต่ ดำ น้ำตาลแดง เทาดำ น้ำตาลทอง ครีมหรือขาว เมื่อโตเต็มวัยเพศผู้จะสูง 48-56 ซม. และหนัก 26-32 กก. ส่วนเพศเมียจะสูง 46-51 ซม. และหนัก 20-25 กก. The need-to-know สุนัขเชาเชา (ขนหยาบ) มีความนิ่งสุขุม รักอิสระ แต่อาจดื้อบ้างบางครั้ง มีนิสัยติดคนเลี้ยงคนใดคนหนึ่งและอาจกัดคนได้หากรู้สึกถูกคุกคามหรือเห็นว่าเจ้าของโดนทำร้าย ...,รอระบุโครงสร้าง (อ่านจาก Paragraph),รอระบุโครงสร้าง (อ่านจาก Paragraph),https://www.purina.co.th/find-a-pet/dog/breed-library/chow-chow-rough
dog,สุนัขบอร์เดอร์ คอลลี่,สุนัขพันธุ์นี้เป็นสุนัขขนาดกลางถึงใหญ่ มีสัดส่วนกำลังดีและดูสง่าผ่าเผย พร้อมลุยทุกกิจกรรม เมื่อโตเต็มวัย เพศผู้จะสูง 56-61 ซม. และหนัก 20.5-29.5 กก. ส่วนเพศเมียสูง 51-56 ซม. และหนัก 18-25 กก. สุนัขบอร์เดอร์ คอลลี่มีขนสั้นติดลำตัว เมื่อลูบจะรู้สึกหยาบ และมีสีน้ำตาลแดงปนขาว หรือสามสี (สีดำ น้ำตาลและขาว) และลายหินอ่อน (น้ำเงินปนเงินและดำ) The need-to-know สุนัขบอร์เดอร์ คอลลี่ เป็นสุนัขที่เป็นมิตร อารมณ์ดี มีความตื่นตัว จึงเหมาะที่จะเป็นสุนัขเฝ้าบ้าน แต่อาจชอบเห่าหากไม่ได้ฝึกหรือเมื่อรู้สึกเบื...,รอระบุโครงสร้าง (อ่านจาก Paragraph),รอระบุโครงสร้าง (อ่านจาก Paragraph),https://www.purina.co.th/find-a-pet/dog/breed-library/collie-smooth
dog,สุนัขดัชชุน,สุนัขดัชชุนมีส่วนหลังยาว ขาสั้นและตัวเตี้ยมาก เมื่อยังเป็นลูกสุนัข จะมีกล้ามเนื้อ ทรวดทรวงแข็งแรง ส่วนหน้าอกตันกว้าง และขาหน้าแข็งแรง ส่วนขนจะสั้น แน่นและลื่น มีหลายสี (ศึกษาข้อมูลรายละเอียดมาตรฐานสายพันธุ์เพิ่มเติม) เมื่อโตเต็มวัยจะหนัก 4.5-5 กก. และสูงประมาณ 12-15 ซม. The need-to-know สุนัขสายพันธุ์นี้รักอิสระ จึงต้องใช้ความใจเย็น สม่ำเสมอและอดทนในการฝึกสอน ควรฝึกสุนัขดัชชุนให้เข้าสังคมตั้งแต่ยังเป็นลูกสุนัขเพื่อให้คุ้นเคยกับเด็ก คนแปลกหน้าและสัตว์อื่นๆ สุนัขพันธุ์นี้อาจติดสมาชิกครอบครัวค...,รอระบุโครงสร้าง (อ่านจาก Paragraph),รอระบุโครงสร้าง (อ่านจาก Paragraph),https://www.purina.co.th/find-a-pet/dog/breed-library/dachshund-long-haired
dog,สุนัขเฟรนช์ บูลด็อก,สุนัขเฟรนช์ บูลด็อก เป็นสุนัขที่ใครเห็นก็จำได้เพราะหูมีลักษณะคล้ายค้างคาวขนาดใหญ่ สุนัขเฟรนช์ บูลด็อกเป็นสุนัขขนาดเล็ก หน้าแบน ขนสั้นเป็นมันเงา มีหลายลาย เช่น ลายเสือ ลายแต้มหรือสีน้ำตาลทองล้วน เมื่อโตเต็มวัยจะสูงประมาณ 27-34.5 ซม. เพศผู้จะหนัก 12.5 กก. ส่วนเพศเมียหนัก 11 กก. The need-to-know สุนัขเฟรนช์ บูลด็อก มีนิสัยรักสนุก มีพลังและใจดีกับคนที่ตนเองรัก เป็นสุนัขตัวเล็กที่ใจใหญ่กว่าตัว สู้ไม่ถอยเมื่อถูกสุนัขตัวอื่นเล่นงาน สุนัขบางตัวอ่านภาษาท่าทางจากใบหน้าแบนไม่ออก ยกเว้นสุนัขสายพันธุ์นี...,รอระบุโครงสร้าง (อ่านจาก Paragraph),รอระบุโครงสร้าง (อ่านจาก Paragraph),https://www.purina.co.th/find-a-pet/dog/breed-library/french-bulldog
dog,สุนัขเยอรมันเชพเพิร์ด,สุนัขเยอรมันเชพเพิร์ดเป็นสุนัขที่ใครเห็นก็รู้จักและจำได้ว่าเป็นสายพันธุ์อะไร ลักษณะของสุนัขพันธุ์นี้มักจะมีกล้ามเนื้อที่ชัดเจน ดูตื่นตัว ท่วงท่าสง่างามและน่าเกรงขาม ปราดเปรียว สุขุม มีขนหลายสี (จากมาตรฐานสายพันธุ์) ขนชั้นนอกแข็งและหยาบ ส่วนขนชั้นในหนา ความสูงที่เหมาะสมสำหรับเพศผู้ที่โตเต็มวัยคือ 63 ซม. ส่วนเพศเมียควรสูง 58 ซม. น้ำหนักอยู่ระหว่าง 30-36 กก. The need-to-know สุนัขเยอรมันเชพเพิร์ดจะผูกพันกับผู้ดูแลและอยากใช้เวลาด้วยกันให้มากที่สุดเท่าที่จะเป็นไปได้ แม้ว่าสุนัขพันธุ์นี้จะต้องการ...,รอระบุโครงสร้าง (อ่านจาก Paragraph),รอระบุโครงสร้าง (อ่านจาก Paragraph),https://www.purina.co.th/find-a-pet/dog/breed-library/german-shepherd
dog,สุนัขเกรย์ฮาวด์,สุนัขเกรย์ฮาวด์เปรียบเสมือนม้าแข่งแห่งโลกสุนัข เนื่องจากเป็นสุนัขที่วิ่งได้เร็วมาก มีลักษณะท่วงท่านุ่มนวลและสง่างาม สุนัขพันธุ์นี้มีกล้ามเนื้อและโครงสร้างแข็งแรง ขนสั้นเป็นเส้นขนที่ละเอียด มีทั้งสีดำ ขาว แดง น้ำเงินคราม น้ำตาลทอง น้ำตาลอ่อน ลายเสือ หรือมีสีที่กล่าวมาทั้งหมดปนกับสีขาว เมื่อสุนัขเกรย์ฮาวด์ตัวโตเต็มวัย เพศผู้จะสูงถึง 71-76 ซม. หนักประมาณ 30-32 กก. ส่วนเพศเมียสูง 69-71 ซม. หนัก 27-30 กก. The need-to-know สุนัขเกรย์ฮาวด์มีบุคลิกที่สงบนิ่ง และชอบอยู่ในบ้าน จะเรียกว่าเข้าขั้นขี้เก...,รอระบุโครงสร้าง (อ่านจาก Paragraph),รอระบุโครงสร้าง (อ่านจาก Paragraph),https://www.purina.co.th/find-a-pet/dog/breed-library/greyhound
dog,สุนัขพันธุ์ญี่ปุ่น 'ชิบะ',สุนัขชิบะเป็นสุนัขสายพันธุ์ที่แข็งแรง ขนาดตัวใหญ่ปานกลาง อยู่ในสายพันธุ์สปิตซ์ (เป็นสายพันธุ์ที่มีหูตั้ง ขนหนา และหางม้วนงอ) สุนัขชิบะเป็นเหมือนสุนัขพันธุ์อะกิตะที่รูปร่างเล็กกว่า เพศผู้ตัวโตเต็มวัยสูงประมาณ 39.5 ซม. ส่วนเพศเมียสูง 36.5 ซม. มีขนชั้นนอกที่แข็ง เป็นเส้นตรง มีสีแดง แดงปนน้ำตาล (สีแดงแบบมีปลายขนสีดำ) ดำ-น้ำตาล หรือขาว ปกคลุมขนชั้นในที่หนานุ่มอีกที The need-to-know สุนัขชิบะถือว่าเป็นสายพันธุ์ที่ตื่นตัว คล่องแคล่วว่องไว และเป็นมิตร แต่ก็ค่อนข้างรักอิสระและมีสัญชาตญาณความเป็นนักล...,รอระบุโครงสร้าง (อ่านจาก Paragraph),รอระบุโครงสร้าง (อ่านจาก Paragraph),https://www.purina.co.th/find-a-pet/dog/breed-library/japanese-shibu-inu
dog,สุนัขมอลทีส (Malrese),สุนัขมอลทีสสุนัขพันธุ์เล็กที่ให้ภาพลักษณ์สง่างามดั่งขุนนาง มีตาสีดำ ขนยาวเส้นละเอียดนุ่มดุจไหมสีขาวบริสุทธิ์ สุนัขมอลทีสถือเป็นสุนัขที่รูปร่างหน้าตาโดดเด่นมาก ๆ เมื่อโตเต็มวัยจะมีส่วนสูงไม่เกิน 25 ซม.และหนักประมาณ 1.8 - 2.7 กก. The need-to-know แม้สุนัขมอลทีสจะตัวเล็ก อารมณ์ดี และท่วงท่าสง่างาม แต่สุนัขสายพันธุ์เล็กพันธุ์นี้ไม่ได้มีดีเพียงหน้าตาเท่านั้น บางครั้งก็เจ้าอารมณ์เช่นกัน มักเห่าเสียงดังเมื่อเกิดอาการหวาดระแวงสิ่งต่าง ๆ จึงจำเป็นต้องฝึกตั้งแต่ยังเล็ก ไม่ให้เห่าเมื่อมีสิ่งยั่วยุเล็ก...,รอระบุโครงสร้าง (อ่านจาก Paragraph),รอระบุโครงสร้าง (อ่านจาก Paragraph),https://www.purina.co.th/find-a-pet/dog/breed-library/maltese
dog,ปอมเมอเรเนียน (Pomeranian),ปอมเมอเรเนียน (Pomeranian) สุนัขตัวเล็กหัวใจไม่เล็กและเคล็ดลับในการดูแลสุขภาพทำความรู้จักปอมเมอเรเนียน (Pomeranian)ปอมเมอเรเนียน (Pomeranian) เป็นสุนัขที่จัดอยู่ในกลุ่ม Toy Group แม้ว่าจะมีขนาดตัวเล็กแต่ปอมเมอเรเนียนกลับครองใจเจ้าของผู้เลี้ยงมาอย่างยาวนาน แถมยังเป็นสายพันธุ์สุดโปรดของทั้งเจ้าของอย่างเราและเชื้อพระวงศ์ชั้นสูง แถมประวัติของสุนัขสายพันธุ์นี้ยังมีความน่าสนใจไม่แพ้สายพันธุ์ไหน ด้วยขนที่ฟูดูนุ่มน่ากอด หน้าตาจิ้มลิ้ม มีความเป็นมิตร น่ารักมีชีวิตชีวา ขนาดตัวที่แสนกะทัดรัด ช่างเอาอกเอาใ...,รอระบุโครงสร้าง (อ่านจาก Paragraph),รอระบุโครงสร้าง (อ่านจาก Paragraph),https://www.purina.co.th/find-a-pet/dog/breed-library/pomeranian
dog,สุนัขพุดเดิ้ลทอย,สุนัขพุดเดิ้ลทอยเป็นสุนัขที่มีลักษณะสง่างาม ส่วนปากและจมูกเรียว คอยาว ขนหยิก มักมีการตัดแต่งทรง และมีได้หลายเฉดสี ได้แก่ สีคราม เทา เงินเข้ม น้ำตาล น้ำตาลอ่อน และสีครีม เมื่อโตเต็มวัยจะมีความสูงไม่เกิน 28 ซม. และหนักไม่เกิน 4.5 กก. The need-to-know สุนัขพุดเดิ้ลทอยมีชีวิตชีวาและจิตใจดี ทำหน้าที่เป็นสุนัขคู่ใจได้อย่างดีเยี่ยม สามารถเฝ้าบ้านได้ พร้อมเห่าเตือนเมื่อมีแขกมาหา สุนัขพุดเดิ้ลทอยเป็นสุนัขอารมณ์ดี ตอบสนองกับเสียงสูงต่ำได้ไวเป็นพิเศษ และตอบสนองกับการฝึกได้ดี เด็ก ๆ ต้องเรียนรู้วิธีการ...,รอระบุโครงสร้าง (อ่านจาก Paragraph),รอระบุโครงสร้าง (อ่านจาก Paragraph),https://www.purina.co.th/find-a-pet/dog/breed-library/poodle-toy
dog,สุนัขปั๊ก,“น้อยแต่มาก” คือคำขวัญประจำสุนัขปั๊ก บ่งบอกได้ว่า “ตัวเล็กแต่มีอะไรมากมายให้ค้นหา” สุนัขปั๊กถือว่าเป็นสุนัขตระกูลทอยหรือสุนัขสายพันธุ์เล็ก เมื่อโตเต็มวัย ขณะยืนจะสูงประมาณ 25 - 33 ซม. รูปร่างจะดูเหลี่ยม ล่ำ มีกล้ามเนื้อ และหนักอย่างไม่น่าเชื่อ โดยมีน้ำหนักประมาณ 6.3 - 8.1 กก. ขนสั้น นุ่มและเป็นมัน มีสีเทาเงิน น้ำตาลส้มแอปริคอต น้ำตาลทอง หรือสีดำ The need-to-know สุนัขปั๊ก มีเสน่ห์ อารมณ์ดี พร้อมจะเป็นคู่หูที่ส่งมอบความสุขและความเป็นมิตรให้กับเจ้าของ แม้จะตัวเล็กแต่ด้วยนิสัยที่ดี สุนัขปั๊กก็...,รอระบุโครงสร้าง (อ่านจาก Paragraph),รอระบุโครงสร้าง (อ่านจาก Paragraph),https://www.purina.co.th/find-a-pet/dog/breed-library/pug
dog,โกลเด้น รีทริฟเวอร์ (Golden Retriever),สำหรับคนรักสุนัขทั้งหลายคงไม่มีใครไม่รู้จัก โกลเด้น รีทริฟเวอร์ (Golden Retriever) ด้วยขนาดตัวที่พอเหมาะ สายตาที่อ่อนโยน เป็นมิตร ร่าเริง ขนสีทองอร่าม และหางเป็นแพคล้ายขนนกที่แกว่งไปมาตลอดเวลา บทความนี้จะพามาทำความรู้จักกับสุนัขพันธุ์โกลเด้น รีทริฟเวอร์ในทุกแง่มุม ทั้งภาพรวมของสายพันธุ์ และเคล็ดลับในการดูแลสุขภาพ และกิจกรรมที่เหมาะสม The need-to-know สุนัขโกลเด้น รีทริฟเวอร์ นั้นเป็นสุนัขที่เป็นมิตรและนิสัยดีเป็นอันดับต้นๆ ในบรรดาสุนัขทั้งหมด แต่เดิมสุนัขโกลเด้น รีทริฟเวอร์ ถูกปรับปรุงพันธุ...,รอระบุโครงสร้าง (อ่านจาก Paragraph),รอระบุโครงสร้าง (อ่านจาก Paragraph),https://www.purina.co.th/find-a-pet/dog/breed-library/golden-retriever
dog,สุนัขลาบราดอร์ รีทรีฟเวอร์,สุนัขลาบราดอร์ รีทรีฟเวอร์เป็นสุนัขพันธุ์ใหญ่ มีรูปร่าง โครงสร้างกระดูกและกล้ามเนื้อที่แข็งแรง ส่วนหัวใหญ่ มีดวงตาที่ดูอ่อนโยน เฉลียวฉลาด มีหางที่เป็นเอกลักษณคล้ายหางตัวนาก ขนที่สั้นและแน่น มีได้หลายสี ตั้งแต่ดำล้วน น้ำตาลทอง และสีน้ำตาล เมื่อโตเต็มวัยจะสูง 56 - 57 ซม.และหนักประมาณ 30 กก. ส่วนเพศเมียสูงประมาณ 55 - 56 ซม. และหนักราวๆ 28 กก. The need-to-know สุนัขลาบราดอร์ รีทรีฟเวอร์เป็นสุนัขยอดนิยมตลอดกาลและเป็นตัวเลือก 1 ใน 3 ของคนที่ตามหาสัตว์เลี้ยงประจำครอบครัว โดยเฉพาะเจ้าของที่ชอบการออ...,รอระบุโครงสร้าง (อ่านจาก Paragraph),รอระบุโครงสร้าง (อ่านจาก Paragraph),https://www.purina.co.th/find-a-pet/dog/breed-library/labrador-retriever
dog,สุนัขเชทแลนด์ ชีพด็อก,สุนัขสายพันธุ์เล็กถึงปานกลางที่หน้าตาน่ารัก ท่วงท่าสง่างามอย่างสุนัขเชทแลนด์ ชีพด็อก มีลักษณะที่เด่นสะดุดตาจากแผงขนรอบคอและอก พร้อมกับขนบริเวณขาและหางที่ยาวมากเป็นพิเศษ สุนัขพันธุ์นี้มีขนหลายสี หลากหลายลวดลาย และยังมีแบบผสมด้วย สามารถศึกษารายละเอียดได้จากมาตรฐานสายพันธุ์ เพศผู้ที่โตเต็มวัยสูงประมาณ 37 ซม. ส่วนเพศเมียสูง 35.5 ซม. น้ำหนักเมื่อโตเต็มวัยอยู่ระหว่าง 6 - 12 กก. The need-to-know สุนัขเชทแลนด์ ชีพด็อก อาจจะดูสง่างามและนิ่มนวล แต่แท้จริงแล้วเป็นสายพันธุ์แข็งแรง เลี้ยงไว้สำหรับใช้งาน...,รอระบุโครงสร้าง (อ่านจาก Paragraph),รอระบุโครงสร้าง (อ่านจาก Paragraph),https://www.purina.co.th/find-a-pet/dog/breed-library/shetland-sheepdog
dog,ชิสุห์ (Shih Tzu),มารู้จักและดูแลสุขภาพชิสุห์ (Shih Tzu) กันเถอะทำความรู้จักกับชิสุห์ (Shih Tzu)ชิสุห์ (Shih Tzu) จัดเป็นสุนัขในกลุ่ม Toy Group ถึงแม้ว่าจะมีหุ่นที่ไม่ค่อยจะเหมือนสุนัขสายพันธุ์เล็กทั่วไปสักเท่าไหร่ แต่ชิสุห์กลับครองใจผู้เลี้ยงหลากหลายตั้งแต่ระดับจักรพรรดิจีนโบราณไปจนถึงเหล่าดาราฮอลลีวู้ด ด้วยขนที่ฟูดูนุ่มน่ากอด หน้าตาจิ้มลิ้ม มีความเป็นมิตร ชอบอยู่กับเจ้าของ ช่างเอาอกเอาใจ เราจึงตกหลุมรักน้องได้โดยไม่ยาก นอกจากลักษณะที่ใครเห็นเป็นต้องรัก สุนัขพันธุ์นี้ยังมีประวัติที่เก่าแก่และมีความน่าสนใจไม่แพ้...,รอระบุโครงสร้าง (อ่านจาก Paragraph),รอระบุโครงสร้าง (อ่านจาก Paragraph),https://www.purina.co.th/find-a-pet/dog/breed-library/shih-tzu
dog,ไซบีเรียน ฮัสกี (Siberian Husky),สุนัขไซบีเรียน ฮัสกี (Siberian Husky) เป็นหนึ่งในสายพันธุ์สุนัขที่มีความสง่างาม ด้วยรูปลักษณ์ภายนอกและบุคลิกที่ดูนิ่ง แต่ก็กระฉับกระเฉง และมีพลังที่ล้นเหลือ และด้วยคุณสมบัติเหล่านี้ บ่อยครั้งจึงเลี่ยงไม่ได้ที่สุนัขพันธุ์นี้จะมีความผิดปกติในเรื่องข้อต่อ เช่น ข้อสะโพกเคลื่อน และปัญหาโรคผิวหนังตามมา บทความนี้จะพามาทำความรู้จักกับสุนัขพันธุ์ไซบีเรียน ฮัสกีในทุกแง่มุม ทั้งภาพรวมของสายพันธุ์ ปัญหาและเคล็ดลับในการดูแลสุขภาพ และกิจกรรมที่เหมาะสม The need-to-know ภายใต้ภาพลักษณ์ที่ดูสง่างามและกระฉับ...,รอระบุโครงสร้าง (อ่านจาก Paragraph),รอระบุโครงสร้าง (อ่านจาก Paragraph),https://www.purina.co.th/find-a-pet/dog/breed-library/siberian-husky
dog,สุนัขบูล เทอร์เรียร์,สุนัขบูลเทอร์เรียเป็นสุนัขรูปร่างแข็งแรง อกลึก มีกล้ามเนื้อกำยำชัดเจน ส่วนหัวยาวเป็นรูปไข่ แข็งแรง และมีจมูกโด่ง สีที่พบบ่อยคือ สีขาว และมักมีแต้มสีอื่นบนหัวหรือบางครั้งก็มีที่หลังด้วย นอกจากนี้ยังมีสีดำ ลายเสือ แดง น้ำตาลทองหรือสามสี เมื่อโตเต็มวัยจะสูงประมาณ 45 ซม. และหนัก 33 กก. The need-to-know สุนัขบูลเทอร์เรียเป็นสุนัขที่เป็นมิตรและมีอารมณ์ขัน แต่บางครั้งก็อาจจะดื้อบ้าง จึงไม่เหมาะกับผู้หัดเลี้ยงสุนัขมือใหม่ โดยทั่วไปแล้วสุนัขพันธุ์นี้รักสงบแต่ก็ต้องไม่ลืมว่าสุนัขพันธุ์นี้ถูกพัฒนาสายพ...,รอระบุโครงสร้าง (อ่านจาก Paragraph),รอระบุโครงสร้าง (อ่านจาก Paragraph),https://www.purina.co.th/find-a-pet/dog/breed-library/staffordshire-bull-terrier
dog,สุนัขยอร์กเชียร์ เทอร์เรียร์,สุนัขพันธุ์เล็กอย่างยอร์กเชียร์ เทอร์เรียร์นี้เป็นที่รู้จักจากขนที่เป็นลอนหนาเหมือนกับผมของคน สีขนก็ไม่ธรรมดา ด้วยการผสมกันระหว่างสีดำครามเข้มปนเงิน กับสีทองหรือสีน้ำตาลเข้ม เป็นสุนัขที่มีมาด มักเชิดหน้าด้วยความมั่นใจเกินร้อย เพศผู้เมื่อโตเต็มวัยสูงประมาณ 18 - 20 ซม. และหนักไม่เกิน 3.2 กก. The need-to-know สุนัขยอร์กเชียร์ เทอร์เรียร์เป็นสุนัขสายพันธุ์เล็กที่ใจใหญ่ ชอบให้กอด และนอนเบียดขา แต่นาทีต่อมาก็สามารถกระโดดงับสุนัขเพื่อนบ้านได้ เพียงเพื่อบอกว่าถิ่นนี้ใครคุม เพราะยังไงยอร์กเชียร์ก็เป...,รอระบุโครงสร้าง (อ่านจาก Paragraph),รอระบุโครงสร้าง (อ่านจาก Paragraph),https://www.purina.co.th/find-a-pet/dog/breed-library/yorkshire-terrier
dog,ลาซา แอพโช,"ลาซา แอพโซ มีจุดเด่นตรงที่เป็นสุนัขขนยาว ตัวเล็กแข็งแรง และถ้าจะให้เทียบความยาวลำตัวกับส่วนสูงแล้วล่ะก็ สุนัขพันธุ์นี้จะตัวยาวมากกว่าส่วนสูงหน่อย ๆ แถมยังมีหลากหลายสีให้เลือก ไม่ว่าจะเป็นสี golden, sandy, honey, dark grizzle, slate, smoke, parti-colour, black, white หรือสี brown The need-to-know สุนัขพันธุ์ลาซา แอพโซ เป็นสุนัขที่มีนิสัยค่อนข้างรักสันโดษ มีความสง่างามและดูมั่นใจ ทำให้สุนัขพันธุ์นี้มีภาพลักษณ์ที่ดูมีภูมิฐาน ในขณะเดียวกันก็เป็นสุนัขที่รักเจ้าของมาก แต่เพียงแค่เจ้าของเท่านั้นแห...",รอระบุโครงสร้าง (อ่านจาก Paragraph),รอระบุโครงสร้าง (อ่านจาก Paragraph),https://www.purina.co.th/find-a-pet/dog/breed-library/lhasa-apso
dog,บอร์ซอย,ปฏิเสธไม่ได้เลยทีเดียวว่า “บอร์ซอย” คือสายพันธุ์สุนัขผู้ดูสูงส่ง ด้วยลักษณะท่าทางอันงดงาม ใบหน้าอันเรียวยาว พร้อมทั้งขนนุ่มสลวยหลากหลายสีสัน ยกเว้นสีเมิร์ลหรือสีลายหินอ่อน ความยาวระดับปานกลาง ลักษณะเป็นคลื่นสวย และทิ้งตัวในช่วงท้ายของลำตัวและหาง สะกดสายตาเหล่าคนรักสุนัขให้หลงรักและทำให้ผู้คนสามารถจดจำพวกเขาได้ตั้งแต่แรกเห็น The need-to-know หากพูดถึงลักษณะนิสัย “บอร์ซอย” นับเป็นหนึ่งในสุนัขที่มีความเรียบร้อยและอัธยาศัยดี เหมาะแก่การเลี้ยงเพื่อเป็นสมาชิกของครอบครัว นอกจากนี้ถึงแม้พวกเขาจะตัว...,รอระบุโครงสร้าง (อ่านจาก Paragraph),รอระบุโครงสร้าง (อ่านจาก Paragraph),https://www.purina.co.th/find-a-pet/dog/breed-library/borzoi
dog,ซามอยด์,เป็นสุนัขที่ไม่ว่าใครก็จะต้องตกหลุมรักไปกับความฉลาดแสนรู้ ความซื่อสัตว์ และความอ่อนโยน อันเป็นนิสัยประจำพันธุ์ของสุนัขพันธุ์นี้ อีกทั้งยังเป็นมิตรกับผู้คนทุกเพศทุกวัย ทำให้สุนัขพันธุ์นี้สามารถมัดใจเหล่าสมาชิกในบ้าน ไม่ว่าเด็กหรือผู้ใหญ่ได้ไม่ยากใครก็ตามที่ตามหาเพื่อนคู่ใจผู้น่ารักและเป็นมิตร เจ้าซามอยด์นี่แหละคือคำตอบ และคงจะดี ถ้าหากมนุษย์เพื่อนคู่ใจของเจ้าซามอยด์ เป็นสายติดบ้านเหมือนกัน ชอบอากาศเย็นเหมือน ๆ กัน และไม่ถือสาเรื่องขนสีขาวของซามอยด์ที่จะติดตามไปทุกที่ทั่วบ้านทั่วตัว The need-to...,รอระบุโครงสร้าง (อ่านจาก Paragraph),รอระบุโครงสร้าง (อ่านจาก Paragraph),https://www.purina.co.th/find-a-pet/dog/breed-library/samoyed
dog,แจ็ค รัสเซลล์ เทอร์เรีย,ถ้าว่าด้วยเรื่องสุนัขเทอร์เรียชนิดนี้ จริง ๆ แล้วถือว่ามีสองสายพันธุ์รัสเซลเทอร์เรียที่ใกล้เคียงกันอยู่ คือ แจ็ค รัสเซลล์ เทอร์เรีย และ พาร์สัน รัสเซลล์ เทอร์เรีย (Parson Russell Terrier) แต่ชื่อที่เราคุ้นหูมากที่สุดค้นไม่พ้น เจ้าแจ็ค รัสเซลล์ สุนัขไซส์กะทัดรัด ตัวแน่น ที่มาพร้อมกับความร่าเริงและความกระฉับกระเฉง เจ้าเทอร์เรียสายพันธุ์นี้มีส่วนสูงเพียงแค่ 10-14 นิ้ว โดยวัดจากหัวไหล่ถึงพื้นเท่านั้น (หรือในบางตัวอาจจะตัวเล็กได้มากกว่านั้น) ซึ่งขนของสุนัขพันธุ์นี้ก็มีได้หลากหลายรูปแบบ ไม่ว่าจะเป็นข...,รอระบุโครงสร้าง (อ่านจาก Paragraph),รอระบุโครงสร้าง (อ่านจาก Paragraph),https://www.purina.co.th/find-a-pet/dog/breed-library/jack-russell
dog,เวลช์ คอร์กี้ (เพ็มโบรค),เป็นที่รู้จักกันดีถึงขนาดที่กะทัดรัด ยืนสี่เท้าด้วยความมั่นคง พร้อมกับลำตัวใกล้ชิดผืนดิน เป็นจุดเด่นของสุนัขพันธุ์เพ็มโบรค เวลช์ คอร์กี้ ที่ดึงดูดผู้คนด้วยหน้าตาละม้ายคล้ายสุนัขจิ้งจอก มาพร้อมกับขนเส้นตรง ไม่สั้นไม่ยาวจนเกินไป เรียงตัวกันแน่น โดยไม่มีขนอ่อนหรือขนหยิกเข้ามาแทรกเลย The need-to-know สุนัขพันธุ์เพ็มโบรค เวลช์ คอร์กี้ เป็นสุนัขที่รักเจ้าของมาก จนในบางครั้งถ้าเป็นคนอื่นนอกจากเจ้าของแล้วก็อาจจะไม่สนใจไปเลย แต่นิสัยโดยรวมก็เป็นสุนัขที่ค่อนข้างเชื่องและตื่นตัวอยู่เสมอ มาพร้อมกับขนาด...,รอระบุโครงสร้าง (อ่านจาก Paragraph),รอระบุโครงสร้าง (อ่านจาก Paragraph),https://www.purina.co.th/find-a-pet/dog/breed-library/welsh-corgi
